veg69,veg12,S
1.0,2.0,0.05626624999999999
1.0,1.0,0.05196649999999999
1.0,1.0,0.07648474999999999
1.0,1.0,0.13742125
1.0,1.0,0.0713095
1.0,1.0,0.374915
1.0,3.0,0.09276200000000001
1.0,2.0,0.121197
1.0,1.0,0.06291324999999999
1.0,1.0,0.08187799999999999
1.0,1.0,0.06149774999999999
1.0,1.0,0.14288875
1.0,1.0,0.06983099999999999
1.0,3.0,0.08268874999999999
1.0,1.0,0.1164205
1.0,1.0,0.068075
1.0,3.0,0.0689145
1.0,1.0,0.06947475
1.0,1.0,0.0902285
2.0,2.0,0.10968549999999999
1.0,3.0,0.1072165
1.0,2.0,0.08914549999999999
1.0,4.0,0.3279825
1.0,1.0,0.06185725
1.0,1.0,0.062139
1.0,5.0,0.147711
1.0,1.0,0.38475249999999994
1.0,1.0,0.071602
1.0,1.0,0.06329925
1.0,1.0,0.18379199999999998
2.0,3.0,0.05463024999999999
1.0,3.0,0.18165725
1.0,1.0,0.13482299999999997
1.0,1.0,0.07020225
1.0,3.0,0.05789199999999999
1.0,1.0,0.05901824999999999
1.0,3.0,0.05458374999999999
1.0,3.0,0.06799649999999999
1.0,2.0,0.13797574999999998
1.0,1.0,0.18413474999999999
1.0,1.0,0.0625555
1.0,3.0,0.10728725
1.0,3.0,0.08382924999999998
1.0,1.0,0.12619024999999998
1.0,2.0,0.0720955
1.0,3.0,0.0830295
1.0,1.0,0.052475249999999994
1.0,1.0,0.05627225
1.0,3.0,0.08605175
2.0,2.0,0.370555
1.0,1.0,0.056999249999999994
1.0,1.0,0.055161749999999996
1.0,2.0,0.0711335
2.0,1.0,0.070152
1.0,1.0,0.059538
1.0,2.0,0.09721724999999999
2.0,1.0,0.12489225
1.0,1.0,0.06428225
1.0,3.0,0.12400950000000002
2.0,1.0,0.04839575
1.0,1.0,0.063826
1.0,1.0,0.06856174999999999
1.0,3.0,0.14192625
1.0,1.0,0.31635
1.0,1.0,0.09260549999999998
1.0,2.0,0.1385255
1.0,1.0,0.11041274999999999
1.0,1.0,0.097249
1.0,1.0,0.0645885
2.0,1.0,0.09277075
1.0,2.0,0.11358725
1.0,1.0,0.07189525
1.0,1.0,0.0723885
1.0,1.0,0.08036824999999999
1.0,1.0,0.056231249999999997
1.0,1.0,0.058324249999999994
1.0,1.0,0.08327325000000001
1.0,1.0,0.07913925
1.0,1.0,0.30929249999999997
1.0,3.0,0.07566874999999999
1.0,3.0,0.08051775
1.0,2.0,0.08141275
1.0,3.0,0.07681
1.0,3.0,0.04013775
1.0,1.0,0.11386525
1.0,4.0,0.37484
2.0,1.0,0.0599375
1.0,1.0,0.06427424999999999
1.0,1.0,0.1219065
1.0,1.0,0.08821375
2.0,1.0,0.06637925
1.0,1.0,0.06615325
2.0,2.0,0.14269074999999998
1.0,2.0,0.08119525
1.0,1.0,0.103461
1.0,3.0,0.09297649999999999
1.0,1.0,0.09801675
1.0,4.0,0.599815
1.0,3.0,0.09944974999999999
1.0,3.0,0.10332825
1.0,3.0,0.12894524999999998
1.0,3.0,0.18395
1.0,1.0,0.06743774999999999
1.0,3.0,0.110466
1.0,1.0,0.058704999999999986
1.0,1.0,0.12724549999999998
1.0,3.0,0.11738874999999999
1.0,3.0,0.18364750000000002
1.0,1.0,0.261175
1.0,2.0,0.3190075
1.0,1.0,0.12946200000000002
1.0,2.0,0.11120524999999999
1.0,1.0,0.06545725
1.0,1.0,0.3663
2.0,2.0,0.12547124999999998
1.0,1.0,0.06084775
1.0,1.0,0.07937999999999999
1.0,3.0,0.06251499999999999
1.0,3.0,0.09158324999999999
1.0,1.0,0.05650374999999999
1.0,3.0,0.13247275
2.0,1.0,0.09319374999999999
1.0,1.0,0.28275
1.0,1.0,0.063171
1.0,3.0,0.109817
1.0,1.0,0.0669055
1.0,1.0,0.0805835
1.0,3.0,0.08107325
1.0,1.0,0.14545149999999998
1.0,1.0,0.05682699999999999
1.0,1.0,0.2189985
1.0,1.0,0.10597849999999999
2.0,1.0,0.06282674999999999
2.0,3.0,0.06481375
2.0,2.0,0.41889499999999996
1.0,1.0,0.15695425
1.0,1.0,0.06557049999999999
1.0,2.0,0.11413950000000002
1.0,1.0,0.23470649999999998
1.0,1.0,0.13308299999999998
1.0,1.0,0.06236475
1.0,1.0,0.11615500000000001
1.0,1.0,0.15281525
1.0,1.0,0.5697399999999999
1.0,3.0,0.08980674999999998
1.0,1.0,0.0622785
1.0,2.0,0.12443950000000001
1.0,1.0,0.05637999999999999
1.0,1.0,0.061693
2.0,2.0,0.05490249999999999
1.0,0.0,0.06765550000000001
1.0,4.0,0.494
1.0,1.0,0.06683975
1.0,1.0,0.11244299999999997
1.0,2.0,0.08128824999999999
2.0,1.0,0.06150675
1.0,2.0,0.13219125
1.0,1.0,0.09395975
1.0,1.0,0.07550399999999999
1.0,1.0,0.06484
2.0,1.0,0.11802674999999999
1.0,2.0,0.101403
1.0,1.0,0.39829749999999997
1.0,1.0,0.275965
1.0,1.0,0.05765050000000001
1.0,1.0,0.08721725
1.0,1.0,0.295515
1.0,3.0,0.08383125
1.0,2.0,0.13131325
1.0,1.0,0.19860825
1.0,1.0,0.10125975000000001
1.0,2.0,0.12022549999999997
1.0,3.0,0.08795525
1.0,1.0,0.188474
1.0,1.0,0.066159
1.0,3.0,0.06663575
1.0,2.0,0.18763025000000003
1.0,1.0,0.08644575
2.0,1.0,0.09809425
1.0,2.0,0.13987325
1.0,1.0,0.05564299999999999
1.0,1.0,0.048655
1.0,1.0,0.06086625
1.0,1.0,0.145956
1.0,1.0,0.07224375
2.0,1.0,0.076864
1.0,4.0,0.57209
1.0,3.0,0.11965499999999998
1.0,1.0,0.20855575
2.0,2.0,0.12442699999999998
1.0,0.0,0.06068799999999999
1.0,1.0,0.10018274999999997
1.0,1.0,0.1379935
1.0,1.0,0.1544645
1.0,3.0,0.0658175
1.0,3.0,0.06316725000000001
1.0,1.0,0.10434399999999998
1.0,2.0,0.08502950000000001
1.0,1.0,0.1409445
1.0,1.0,0.046518
1.0,1.0,0.0920835
1.0,3.0,0.1981965
1.0,3.0,0.081243
1.0,1.0,0.05768499999999999
1.0,1.0,0.055468
1.0,1.0,0.0662165
1.0,3.0,0.05255125000000001
1.0,1.0,0.06367024999999998
2.0,2.0,0.1319225
1.0,3.0,0.10397849999999999
1.0,2.0,0.13726325
1.0,1.0,0.14551675
1.0,2.0,0.09811475
1.0,3.0,0.11546399999999998
1.0,2.0,0.07459624999999999
1.0,1.0,0.041624999999999995
1.0,1.0,0.04736649999999999
2.0,2.0,0.11725899999999999
1.0,1.0,0.09696975000000001
1.0,1.0,0.08762625
1.0,1.0,0.145139
1.0,3.0,0.17568425
1.0,1.0,0.08543374999999999
1.0,1.0,0.10638074999999998
1.0,3.0,0.09307374999999998
1.0,3.0,0.05231875
1.0,1.0,0.07776475000000001
1.0,1.0,0.07010675
1.0,1.0,0.07250725
1.0,3.0,0.14350475
1.0,1.0,0.10266699999999998
1.0,2.0,0.1178725
1.0,2.0,0.23527474999999998
1.0,2.0,0.2068835
1.0,1.0,0.080773
2.0,2.0,0.14916675
1.0,2.0,0.06226425
1.0,2.0,0.12205749999999999
1.0,3.0,0.09792450000000001
1.0,1.0,0.094502
1.0,1.0,0.06521974999999999
1.0,1.0,0.33258249999999995
2.0,2.0,0.315415
1.0,3.0,0.07465324999999999
1.0,3.0,0.18658150000000004
1.0,1.0,0.0706875
1.0,1.0,0.06422975
1.0,3.0,0.18818449999999998
1.0,1.0,0.08213324999999999
1.0,1.0,0.092176
1.0,1.0,0.051818249999999996
1.0,1.0,0.11765975
1.0,1.0,0.08120949999999999
1.0,1.0,0.0675215
1.0,1.0,0.09621649999999998
1.0,1.0,0.1682555
1.0,1.0,0.15442924999999996
1.0,2.0,0.09029
1.0,1.0,0.06247199999999999
2.0,1.0,0.06215199999999999
1.0,1.0,0.17491975
1.0,1.0,0.10916049999999998
1.0,1.0,0.2585875
1.0,1.0,0.06191324999999999
1.0,1.0,0.066153
1.0,2.0,0.12169650000000001
1.0,1.0,0.07493625
1.0,1.0,0.10945374999999999
2.0,1.0,0.072
1.0,1.0,0.05508925
1.0,1.0,0.12400374999999998
2.0,1.0,0.05159899999999999
1.0,1.0,0.06007824999999999
2.0,3.0,0.10433299999999997
2.0,2.0,0.14433924999999997
2.0,1.0,0.108094
1.0,1.0,0.13309574999999998
1.0,3.0,0.2421875
1.0,1.0,0.174416
1.0,3.0,0.14280974999999999
1.0,1.0,0.271475
1.0,1.0,0.060538999999999996
1.0,3.0,0.0759685
1.0,1.0,0.0832075
1.0,1.0,0.05927899999999999
1.0,3.0,0.0968035
1.0,1.0,0.09098625
2.0,2.0,0.052017749999999995
1.0,1.0,0.17991549999999998
1.0,1.0,0.20412724999999998
1.0,1.0,0.16467299999999999
1.0,1.0,0.09155200000000001
1.0,1.0,0.14713474999999998
1.0,3.0,0.085709
1.0,1.0,0.12343024999999998
1.0,1.0,0.056762
1.0,1.0,0.15683450000000002
1.0,1.0,0.1258715
1.0,1.0,0.10489524999999998
1.0,1.0,0.10614799999999999
1.0,2.0,0.1613075
1.0,1.0,0.071435
1.0,1.0,0.08797324999999999
1.0,1.0,0.07350725
1.0,1.0,0.11267174999999999
1.0,1.0,0.16902874999999998
1.0,4.0,0.353065
1.0,1.0,0.467335
1.0,1.0,0.0629265
1.0,1.0,0.04876899999999999
1.0,1.0,0.47333249999999993
1.0,1.0,0.20335275
1.0,1.0,0.18223625
1.0,5.0,0.45892999999999995
1.0,1.0,0.08286275
1.0,1.0,0.060229999999999985
1.0,0.0,0.06053625
1.0,1.0,0.10563575
1.0,4.0,0.5104924999999999
1.0,1.0,0.065383
1.0,1.0,0.3167625
1.0,4.0,0.4503525
1.0,1.0,0.25814499999999996
1.0,1.0,0.05803125
1.0,1.0,0.08447174999999998
1.0,0.0,0.06441849999999999
1.0,1.0,0.10169324999999999
1.0,1.0,0.07898725000000001
2.0,2.0,0.39687
1.0,1.0,0.13656775
1.0,1.0,0.07761399999999999
1.0,1.0,0.091968
2.0,3.0,0.08282525
2.0,1.0,0.11149674999999998
2.0,1.0,0.069489
2.0,2.0,0.06156024999999999
1.0,1.0,0.11825649999999997
2.0,2.0,0.05802399999999999
1.0,1.0,0.08919649999999998
1.0,1.0,0.065496
1.0,1.0,0.293255
1.0,1.0,0.09749525
1.0,3.0,0.13610225
1.0,1.0,0.07101975
1.0,2.0,0.12247449999999999
1.0,3.0,0.052794499999999994
1.0,2.0,0.09738575
1.0,1.0,0.16525174999999998
1.0,3.0,0.1348945
1.0,1.0,0.08176774999999999
1.0,1.0,0.06660624999999999
1.0,1.0,0.06475800000000001
1.0,1.0,0.23714474999999996
1.0,3.0,0.10318399999999998
1.0,1.0,0.10812899999999998
2.0,1.0,0.08353799999999997
1.0,1.0,0.06378424999999999
1.0,1.0,0.14768525
2.0,2.0,0.07997575
1.0,1.0,0.06584499999999999
1.0,3.0,0.5052949999999999
1.0,1.0,0.08370125
1.0,3.0,0.06632925
1.0,3.0,0.35991999999999996
1.0,3.0,0.061524749999999996
1.0,1.0,0.06888575
1.0,0.0,0.06492999999999999
1.0,1.0,0.1046075
1.0,1.0,0.065652
1.0,1.0,0.23363150000000002
1.0,3.0,0.080423
1.0,1.0,0.19888224999999998
1.0,1.0,0.13407
1.0,1.0,0.07618725
1.0,1.0,0.06646324999999999
1.0,1.0,0.09920525
1.0,1.0,0.10485674999999998
1.0,1.0,0.06739
1.0,1.0,0.12774924999999998
1.0,3.0,0.11623549999999999
1.0,1.0,0.07487624999999999
2.0,3.0,0.24073075
1.0,3.0,0.10076349999999999
1.0,1.0,0.070215
1.0,2.0,0.085459
1.0,1.0,0.20673324999999998
1.0,1.0,0.08603200000000001
1.0,3.0,0.05988225
1.0,1.0,0.06750099999999999
1.0,1.0,0.057187999999999996
1.0,1.0,0.06412999999999999
1.0,1.0,0.087486
1.0,1.0,0.11216174999999998
2.0,3.0,0.08019425
2.0,3.0,0.07420925
1.0,2.0,0.13314625
1.0,1.0,0.15321075
1.0,2.0,0.10731124999999998
1.0,2.0,0.34215749999999995
1.0,1.0,0.18364049999999998
1.0,1.0,0.06797475
1.0,2.0,0.1529445
1.0,1.0,0.059933999999999994
1.0,0.0,0.14373799999999998
1.0,1.0,0.11719925
1.0,1.0,0.6948624999999999
2.0,2.0,0.12757625
1.0,2.0,0.331025
1.0,1.0,0.13579
1.0,1.0,0.04854425
1.0,3.0,0.111299
1.0,3.0,0.08987624999999999
1.0,3.0,0.09948399999999999
1.0,1.0,0.05026175
1.0,3.0,0.11280199999999999
1.0,1.0,0.18383599999999997
1.0,1.0,0.09313424999999999
2.0,3.0,0.06095124999999999
1.0,1.0,0.0426285
1.0,1.0,0.143285
1.0,1.0,0.057146999999999996
1.0,0.0,0.06637225
1.0,1.0,0.04567475
1.0,1.0,0.22437325000000002
1.0,3.0,0.10078074999999999
1.0,3.0,0.1675675
1.0,1.0,0.0690845
1.0,2.0,0.0878625
1.0,1.0,0.07455275
1.0,1.0,0.11436600000000001
1.0,1.0,0.08167425
1.0,1.0,0.2560225
1.0,1.0,0.322005
1.0,1.0,0.08782549999999999
1.0,1.0,0.12797825
1.0,1.0,0.04940625
1.0,1.0,0.29804499999999995
1.0,1.0,0.09464575
1.0,1.0,0.07968175000000001
1.0,1.0,0.052398
1.0,1.0,0.08059374999999999
2.0,2.0,0.12159474999999999
2.0,2.0,0.04162
2.0,2.0,0.10158424999999999
1.0,1.0,0.11932424999999998
1.0,2.0,0.10860474999999999
1.0,1.0,0.11494549999999998
1.0,3.0,0.05323175
1.0,3.0,0.077237
1.0,3.0,0.132081
1.0,1.0,0.061045749999999996
2.0,1.0,0.08820525
1.0,1.0,0.088226
1.0,1.0,0.06285175000000001
2.0,1.0,0.0777825
1.0,1.0,0.07871199999999999
1.0,3.0,0.08004199999999999
1.0,1.0,0.193325
1.0,3.0,0.11957325
1.0,3.0,0.06166825
1.0,1.0,0.09770499999999999
1.0,1.0,0.07566024999999998
1.0,3.0,0.0857845
1.0,1.0,0.07505725
1.0,3.0,0.08080124999999999
1.0,3.0,0.0868445
1.0,1.0,0.1010495
1.0,1.0,0.12207575
1.0,3.0,0.10348899999999998
1.0,1.0,0.07539024999999999
1.0,1.0,0.051172749999999996
1.0,2.0,0.1280875
2.0,3.0,0.06946074999999999
1.0,1.0,0.05650899999999999
2.0,1.0,0.09595899999999999
2.0,3.0,0.10722749999999999
1.0,1.0,0.09456375
1.0,3.0,0.07522
1.0,1.0,0.051671249999999995
1.0,2.0,0.0743305
1.0,1.0,0.403205
1.0,1.0,0.10000624999999999
1.0,1.0,0.06776075
1.0,1.0,0.06251074999999999
1.0,1.0,0.33153
1.0,2.0,0.159197
1.0,1.0,0.09386275
1.0,1.0,0.098807
1.0,1.0,0.061435
1.0,1.0,0.08193975
1.0,1.0,0.13768499999999997
1.0,3.0,0.107377
1.0,1.0,0.049308500000000005
1.0,1.0,0.298795
1.0,1.0,0.2214545
1.0,3.0,0.08135875000000001
1.0,1.0,0.1313185
1.0,1.0,0.072153
1.0,1.0,0.16560499999999997
1.0,1.0,0.101465
1.0,1.0,0.12601125
1.0,1.0,0.06907999999999999
2.0,3.0,0.0775165
1.0,1.0,0.19064325000000001
1.0,1.0,0.05895949999999999
1.0,1.0,0.061842249999999994
1.0,3.0,0.07541175
1.0,1.0,0.06134524999999999
2.0,3.0,0.12141950000000001
1.0,3.0,0.055987499999999996
1.0,1.0,0.13369999999999999
1.0,1.0,0.07186875
1.0,3.0,0.06245
1.0,1.0,0.386725
1.0,1.0,0.07948525
1.0,1.0,0.06398799999999999
1.0,2.0,0.1900645
1.0,1.0,0.098191
1.0,1.0,0.16413175
1.0,1.0,0.060928500000000003
1.0,1.0,0.08733675
1.0,3.0,0.06518425
1.0,1.0,0.07561999999999999
1.0,1.0,0.35326499999999994
1.0,3.0,0.10815475000000001
1.0,1.0,0.11926074999999998
2.0,1.0,0.20468374999999997
1.0,3.0,0.06941599999999999
1.0,2.0,0.09003399999999999
1.0,3.0,0.08025975
1.0,1.0,0.19875224999999996
2.0,1.0,0.06461349999999999
1.0,4.0,0.44715749999999993
2.0,2.0,0.04187125
1.0,1.0,0.070996
1.0,3.0,0.08906850000000001
1.0,1.0,0.09496325
1.0,1.0,0.10957775
1.0,1.0,0.450455
1.0,1.0,0.10123349999999999
1.0,1.0,0.08062725
1.0,3.0,0.14722124999999997
1.0,1.0,0.13485024999999998
1.0,3.0,0.062452749999999994
1.0,3.0,0.0789415
1.0,1.0,0.05798699999999999
1.0,1.0,0.06526799999999999
1.0,1.0,0.070465
1.0,1.0,0.06520275
1.0,1.0,0.10689774999999999
1.0,3.0,0.06679125
2.0,2.0,0.11879200000000001
1.0,1.0,0.06589099999999999
1.0,1.0,0.053391499999999995
1.0,1.0,0.052872249999999996
1.0,1.0,0.05340924999999999
1.0,4.0,0.3734225
1.0,1.0,0.07462949999999999
1.0,3.0,0.06622275
1.0,1.0,0.09995575000000001
1.0,1.0,0.0759805
1.0,3.0,0.06618249999999999
1.0,2.0,0.15204799999999996
1.0,1.0,0.11186475
1.0,2.0,0.12170475
1.0,3.0,0.06039524999999999
1.0,1.0,0.11862924999999999
1.0,1.0,0.072241
1.0,1.0,0.10424674999999999
2.0,3.0,0.06066024999999999
1.0,3.0,0.07275699999999999
1.0,3.0,0.0470815
1.0,1.0,0.089877
2.0,2.0,0.08185075
1.0,3.0,0.1112645
1.0,3.0,0.121605
1.0,1.0,0.16982400000000003
1.0,1.0,0.056906750000000006
1.0,1.0,0.059256
1.0,2.0,0.11961224999999999
2.0,2.0,0.11747749999999998
1.0,1.0,0.25169
1.0,2.0,0.07670725
1.0,1.0,0.09707075
1.0,1.0,0.18117599999999995
1.0,3.0,0.0724195
2.0,3.0,0.067451
1.0,1.0,0.08095849999999999
1.0,2.0,0.09827225
1.0,1.0,0.09209225
1.0,2.0,0.11241799999999999
1.0,2.0,0.10875999999999998
1.0,1.0,0.07726575
1.0,1.0,0.11188124999999999
1.0,1.0,0.076439
1.0,3.0,0.06275725
1.0,1.0,0.170852
1.0,1.0,0.061673999999999986
1.0,1.0,0.079856
2.0,1.0,0.2911275
1.0,1.0,0.11007049999999997
1.0,2.0,0.12803325000000002
2.0,3.0,0.0588275
1.0,1.0,0.104682
1.0,1.0,0.06363875
1.0,2.0,0.0858095
1.0,1.0,0.0944745
1.0,4.0,0.4223374999999999
1.0,1.0,0.06310024999999998
1.0,1.0,0.08933075
1.0,1.0,0.069866
1.0,1.0,0.06774999999999999
1.0,3.0,0.14789249999999998
1.0,1.0,0.12570225
1.0,1.0,0.0773895
2.0,2.0,0.1221905
1.0,1.0,0.061246749999999996
1.0,1.0,0.049008249999999996
1.0,1.0,0.20334574999999996
1.0,1.0,0.07488
1.0,2.0,0.21846825
1.0,1.0,0.08279475
2.0,2.0,0.060210999999999994
1.0,1.0,0.05998925
1.0,1.0,0.06355024999999999
1.0,1.0,0.143287
1.0,1.0,0.24788
1.0,1.0,0.05755225
2.0,2.0,0.14400424999999997
1.0,1.0,0.0997025
1.0,2.0,0.10769674999999998
1.0,3.0,0.08878824999999999
1.0,1.0,0.053159
1.0,3.0,0.06622675
1.0,3.0,0.06616449999999999
1.0,1.0,0.21886125
1.0,1.0,0.083496
1.0,1.0,0.10996874999999999
2.0,1.0,0.16233375
1.0,1.0,0.09088225
1.0,2.0,0.090131
1.0,1.0,0.11897875
1.0,1.0,0.06498399999999999
1.0,1.0,0.0606705
1.0,1.0,0.07090774999999999
1.0,1.0,0.10028749999999999
1.0,1.0,0.05131025
2.0,2.0,0.048916499999999995
1.0,1.0,0.09906599999999999
1.0,2.0,0.05401524999999999
1.0,1.0,0.11605399999999998
2.0,3.0,0.124011
1.0,1.0,0.081978
1.0,1.0,0.11719574999999999
1.0,2.0,0.157312
1.0,1.0,0.06357199999999999
1.0,1.0,0.09671024999999998
1.0,1.0,0.06107125
1.0,1.0,0.056927250000000006
2.0,3.0,0.06839125
1.0,1.0,0.04972675
1.0,3.0,0.10992825000000002
1.0,1.0,0.054413249999999996
1.0,1.0,0.037212
1.0,1.0,0.09463174999999997
1.0,1.0,0.120371
1.0,1.0,0.12407974999999999
1.0,1.0,0.1413235
1.0,1.0,0.13257075000000001
1.0,1.0,0.052890999999999994
1.0,1.0,0.10886274999999998
1.0,1.0,0.09522725
1.0,3.0,0.09259299999999998
1.0,3.0,0.0620015
1.0,1.0,0.09770274999999998
1.0,1.0,0.09326424999999999
1.0,1.0,0.06269575
1.0,1.0,0.0778035
1.0,1.0,0.07181175
1.0,2.0,0.23502149999999997
1.0,1.0,0.11106099999999999
1.0,1.0,0.09067299999999999
1.0,1.0,0.10183424999999997
2.0,1.0,0.04328074999999999
2.0,1.0,0.078643
1.0,1.0,0.24573099999999998
1.0,3.0,0.0780505
1.0,1.0,0.06673425
1.0,1.0,0.12400249999999997
1.0,1.0,0.22360524999999998
1.0,1.0,0.1226995
1.0,0.0,0.08600325
2.0,1.0,0.08112625
1.0,3.0,0.051946000000000006
1.0,1.0,0.06269425
1.0,1.0,0.09085924999999997
1.0,1.0,0.059431250000000005
1.0,1.0,0.12119999999999999
1.0,3.0,0.07049625
1.0,3.0,0.09382575000000001
1.0,1.0,0.12357049999999997
1.0,1.0,0.062565
1.0,2.0,0.09208949999999999
1.0,1.0,0.06566899999999999
1.0,1.0,0.07719274999999999
1.0,1.0,0.08679525
1.0,3.0,0.12496899999999998
1.0,3.0,0.06328924999999999
1.0,1.0,0.07748225
1.0,1.0,0.07887549999999999
1.0,1.0,0.16489574999999998
1.0,1.0,0.05844749999999999
1.0,1.0,0.1231215
1.0,1.0,0.0657275
1.0,3.0,0.05606149999999999
1.0,1.0,0.05602674999999999
1.0,1.0,0.19615749999999998
2.0,2.0,0.08901075
1.0,1.0,0.06684875
1.0,1.0,0.09203774999999999
2.0,1.0,0.055212
1.0,1.0,0.25955249999999996
1.0,2.0,0.1005055
1.0,3.0,0.15739875
1.0,1.0,0.1414865
1.0,3.0,0.08641525
1.0,3.0,0.24161224999999995
1.0,3.0,0.11302949999999999
2.0,1.0,0.1486925
1.0,3.0,0.09950475
1.0,1.0,0.07744324999999999
1.0,1.0,0.053468749999999995
1.0,2.0,0.08628174999999999
1.0,1.0,0.060234750000000004
1.0,3.0,0.07013375
1.0,1.0,0.06632925
1.0,1.0,0.23298174999999996
1.0,1.0,0.06854475
1.0,1.0,0.06467275
1.0,3.0,0.064022
1.0,1.0,0.043393749999999995
1.0,3.0,0.11708599999999998
1.0,1.0,0.13163674999999997
1.0,3.0,0.08093425
2.0,0.0,0.10385024999999999
1.0,1.0,0.07703399999999999
1.0,1.0,0.059086249999999986
1.0,1.0,0.06190624999999999
1.0,1.0,0.30948
1.0,1.0,0.07146124999999999
1.0,1.0,0.05940075
1.0,1.0,0.0661635
1.0,1.0,0.11739274999999999
1.0,1.0,0.048778499999999995
1.0,1.0,0.073152
1.0,1.0,0.08347425
2.0,1.0,0.3076525
1.0,1.0,0.49237000000000003
1.0,1.0,0.15443574999999998
1.0,1.0,0.0502175
1.0,2.0,0.1431145
1.0,1.0,0.10798624999999999
1.0,3.0,0.15759325000000002
1.0,1.0,0.0641075
1.0,2.0,0.12744975
1.0,3.0,0.07992975
1.0,1.0,0.12694075
1.0,2.0,0.10903049999999999
1.0,1.0,0.07328249999999999
1.0,3.0,0.05773175
1.0,1.0,0.061544499999999995
1.0,1.0,0.146496
2.0,1.0,0.0601035
1.0,1.0,0.11130825
1.0,1.0,0.10085124999999998
2.0,1.0,0.046476
1.0,3.0,0.19729975
1.0,3.0,0.06759
1.0,4.0,0.21220625
1.0,1.0,0.07812999999999999
2.0,2.0,0.09398549999999999
1.0,1.0,0.22725125
1.0,1.0,0.08985549999999998
1.0,1.0,0.05610549999999999
1.0,1.0,0.06207749999999999
1.0,1.0,0.06331925
1.0,1.0,0.2727575
1.0,1.0,0.070944
1.0,1.0,0.12119674999999998
1.0,2.0,0.09564799999999998
1.0,3.0,0.12492
1.0,1.0,0.04543175
1.0,3.0,0.094421
1.0,4.0,0.17385925
1.0,3.0,0.11491575
2.0,2.0,0.05527075
1.0,1.0,0.078211
2.0,3.0,0.07553375
1.0,1.0,0.08137225
2.0,2.0,0.057424499999999996
1.0,1.0,0.1688835
2.0,1.0,0.06289349999999999
1.0,1.0,0.07393925
1.0,3.0,0.0649035
1.0,1.0,0.09527924999999998
1.0,1.0,0.07492525
1.0,1.0,0.06345075
1.0,3.0,0.04969824999999999
1.0,3.0,0.11543174999999999
1.0,1.0,0.042423249999999996
1.0,1.0,0.11028525
1.0,2.0,0.10266299999999999
1.0,1.0,0.08251399999999999
1.0,1.0,0.07199975
2.0,2.0,0.0942895
1.0,1.0,0.06810825000000001
1.0,1.0,0.060683499999999994
1.0,1.0,0.09054424999999998
1.0,3.0,0.08053975
1.0,3.0,0.22472750000000002
1.0,1.0,0.04656649999999999
1.0,2.0,0.18411925
1.0,3.0,0.073637
1.0,3.0,0.0858925
1.0,1.0,0.18419599999999994
1.0,1.0,0.073218
1.0,1.0,0.07255425
1.0,2.0,0.1226305
1.0,1.0,0.09737075
1.0,3.0,0.081296
1.0,2.0,0.105326
1.0,1.0,0.12577125
1.0,3.0,0.1220675
1.0,1.0,0.04631925
1.0,1.0,0.11236075
2.0,2.0,0.07045625
1.0,1.0,0.05795024999999999
1.0,1.0,0.058611750000000004
1.0,1.0,0.065215
2.0,0.0,0.053972
1.0,1.0,0.068689
1.0,1.0,0.17943375
1.0,1.0,0.363735
1.0,3.0,0.079509
1.0,3.0,0.04795649999999999
1.0,1.0,0.1866745
1.0,1.0,0.1007085
1.0,1.0,0.07482
1.0,1.0,0.07902999999999999
1.0,1.0,0.3912525
1.0,1.0,0.0704065
1.0,1.0,0.15712549999999997
1.0,3.0,0.08848125
2.0,3.0,0.059346750000000004
1.0,3.0,0.23505025
1.0,1.0,0.0735295
1.0,1.0,0.08079899999999998
2.0,2.0,0.12977399999999997
1.0,1.0,0.082484
1.0,1.0,0.15444
1.0,1.0,0.16775174999999998
1.0,1.0,0.10692049999999999
1.0,2.0,0.11488074999999999
2.0,2.0,0.07357375000000001
1.0,1.0,0.062224499999999995
1.0,1.0,0.0655135
1.0,1.0,0.1236045
1.0,2.0,0.07418
1.0,1.0,0.05586075
1.0,1.0,0.120907
1.0,1.0,0.07479675
1.0,1.0,0.06328424999999999
1.0,1.0,0.0764435
1.0,1.0,0.12737174999999998
1.0,4.0,0.47574500000000003
1.0,3.0,0.05637874999999999
1.0,2.0,0.08163574999999999
2.0,1.0,0.067725
1.0,2.0,0.16729975
1.0,1.0,0.08626624999999999
1.0,1.0,0.07196524999999998
1.0,4.0,0.15201525
1.0,3.0,0.15234675
1.0,1.0,0.08580499999999999
1.0,3.0,0.10838924999999998
2.0,3.0,0.0552365
1.0,1.0,0.07746025
1.0,1.0,0.0719865
2.0,1.0,0.0584935
1.0,4.0,0.584565
2.0,1.0,0.07401949999999999
1.0,1.0,0.07580074999999999
1.0,3.0,0.12023025000000001
1.0,1.0,0.06574100000000001
1.0,1.0,0.15400424999999998
1.0,1.0,0.093312
1.0,1.0,0.06612124999999999
1.0,1.0,0.25866999999999996
1.0,1.0,0.09724000000000001
1.0,1.0,0.06538475
1.0,2.0,0.17632025
1.0,1.0,0.11335274999999999
1.0,1.0,0.19791474999999997
1.0,1.0,0.06309775
1.0,1.0,0.09763924999999998
1.0,1.0,0.27417749999999996
2.0,1.0,0.24277674999999999
2.0,2.0,0.17034474999999996
1.0,3.0,0.08786299999999998
1.0,1.0,0.09088099999999999
1.0,1.0,0.043900999999999996
1.0,3.0,0.06433725
1.0,1.0,0.15185425
1.0,4.0,0.29939249999999995
1.0,3.0,0.06091475
1.0,1.0,0.44963499999999995
1.0,1.0,0.119597
1.0,1.0,0.06616274999999999
2.0,2.0,0.0641685
1.0,2.0,0.09439600000000001
1.0,1.0,0.0844915
1.0,1.0,0.1055815
1.0,1.0,0.04341975
1.0,1.0,0.055027999999999994
1.0,1.0,0.07371699999999999
1.0,1.0,0.10518875
1.0,3.0,0.10068975
1.0,3.0,0.074862
1.0,1.0,0.163739
1.0,1.0,0.12134649999999998
2.0,2.0,0.11368975
2.0,1.0,0.08550799999999999
1.0,3.0,0.07494175
1.0,3.0,0.08303149999999998
1.0,1.0,0.09445475
1.0,3.0,0.0743975
1.0,3.0,0.07163725
1.0,2.0,0.08467474999999998
1.0,1.0,0.07261425
1.0,3.0,0.059136249999999994
1.0,1.0,0.16700199999999998
1.0,1.0,0.16006225000000002
1.0,3.0,0.0727795
1.0,3.0,0.16084325
1.0,1.0,0.47508999999999996
1.0,1.0,0.05216499999999999
1.0,1.0,0.11627624999999998
1.0,1.0,0.075677
1.0,1.0,0.057951749999999996
1.0,1.0,0.060177499999999995
2.0,1.0,0.06609675
1.0,1.0,0.13227799999999998
1.0,3.0,0.06189375
1.0,1.0,0.0790765
1.0,4.0,0.42214999999999997
1.0,1.0,0.33464749999999993
1.0,3.0,0.05605949999999999
1.0,1.0,0.05140474999999999
1.0,1.0,0.100296
1.0,3.0,0.12213899999999998
1.0,3.0,0.08586
1.0,1.0,0.446475
1.0,1.0,0.10604499999999999
1.0,1.0,0.07772975
2.0,1.0,0.0710465
2.0,3.0,0.07012049999999999
1.0,2.0,0.07168449999999998
1.0,1.0,0.10956774999999999
1.0,1.0,0.041846999999999995
1.0,3.0,0.15971625
2.0,2.0,0.09326599999999999
1.0,3.0,0.14395149999999998
1.0,1.0,0.06044625
1.0,1.0,0.04687725
1.0,3.0,0.0626775
1.0,1.0,0.058998749999999996
1.0,1.0,0.070294
1.0,1.0,0.22470774999999998
1.0,3.0,0.05351725
1.0,3.0,0.0526385
2.0,2.0,0.07393675
1.0,1.0,0.11104199999999999
1.0,1.0,0.0741715
1.0,1.0,0.22396625
1.0,1.0,0.05489475
1.0,1.0,0.1334735
1.0,1.0,0.05036874999999999
2.0,1.0,0.0641635
1.0,3.0,0.10889374999999997
1.0,1.0,0.07082725000000001
1.0,3.0,0.06399824999999999
2.0,2.0,0.05835825
1.0,1.0,0.083424
1.0,1.0,0.06645725
1.0,1.0,0.10484799999999998
1.0,1.0,0.061523249999999995
1.0,1.0,0.19734275
1.0,3.0,0.059243500000000004
1.0,2.0,0.0700235
1.0,1.0,0.06239624999999999
